Date,Round,Group,Player 1,Player 2,Player 1 Score,Player 2 Score
6/11/2026,Group,Group A,Palin,frefromwig,673.61,22.15
6/11/2026,Group,Group A,LHinCH,Tones,864.61,22.12
6/11/2026,Group,Group B,bolthy,Norton,2804.09,1178.36
6/11/2026,Group,Group B,Pinea,Armadillo,7403.16,6635.89
6/11/2026,Group,Group C,dorian,Penguinish,2562.0,3267.98
6/11/2026,Group,Group C,potato,Martin,3313.77,1679.07
6/12/2026,Group,Group D,deslagen,VinceSz (Perikeme),6969.5,428.57
6/12/2026,Group,Group D,maclang23,WaiHong,746.16,8190.39
6/12/2026,Group,Group E,maplemanatee,insomnia,1327.88,1302.98
6/12/2026,Group,Group E,madmit,minette,8442.43,1404.18
6/12/2026,Group,Group F,Morphior,Muik,4912.3,4072.4
6/12/2026,Group,Group F,josh,Daws,6685.13,2219.27
6/13/2026,Group,Group G,hateornges,Rretro,7254.71,6495.3
6/13/2026,Group,Group G,Mikael,Talking Nonsense,7388.32,2656.38
6/13/2026,Group,Group H,Sean,Summitblvd,734.04,4408.11
6/13/2026,Group,Group H,pandem,Boltenhagen,445.99,4239.32
6/13/2026,Group,Group I,Wowa,Miss Inputs,898.21,10414.39
6/13/2026,Group,Group I,FurkanSevim,yoyo,2566.44,447.36
6/14/2026,Group,Group J,blastoform,Jack,6771.86,266.6
6/14/2026,Group,Group J,mlc,DjinN,1034.22,670.57
6/14/2026,Group,Group K,ThomasThTrain,AardvarkChan,1800.83,2905.25
6/14/2026,Group,Group K,Yelldosh,Major Bajor,908.43,1250.28
6/14/2026,Group,Group L,FrankL,Puerto Vallarta,1191.74,6418.98
6/14/2026,Group,Group L,Emily,Qubillou,5995.88,9232.75
6/15/2026,Group,Group M,jpeters,Rikk,7962.2,496.47
6/15/2026,Group,Group M,Cellery,tastyCheese,228.26,10406.01
6/15/2026,Group,Group N,Finland Taipan,MrBizzaros,1537.73,8069.11
6/15/2026,Group,Group N,Jeune Herisson,BD82,1189.35,754.4
6/15/2026,Group,Group O,MKA,Ben Keller,6020.68,4026.84
6/15/2026,Group,Group O,DuckDuck,OKobern,4967.29,11707.29
6/16/2026,Group,Group P,Patxepi,Salat,4684.66,5011.37
6/16/2026,Group,Group P,MINA,fgeva,6032.52,1854.5
6/16/2026,Group,Group Q,Johann Sebastian Bach,JCirrus,12956.91,5116.02
6/16/2026,Group,Group Q,Kasperdk ;I,vel,822.4,15020.88
6/16/2026,Group,Group A,Tones,Palin,1412.78,2895.76
6/16/2026,Group,Group A,LHinCH,frefromwig,4362.14,4404.29
6/17/2026,Group,Group B,Norton,Pinea,1512.07,5740.43
6/17/2026,Group,Group B,bolthy,Armadillo,2946.72,5049.1
6/17/2026,Group,Group C,Martin,dorian,3249.68,4340.81
6/17/2026,Group,Group C,potato,Penguinish,5962.68,5689.12
6/17/2026,Group,Group D,WaiHong,deslagen,267.68,763.77
6/17/2026,Group,Group D,maclang23,VinceSz (Perikeme),268.81,6246.57
6/18/2026,Group,Group E,madmit,insomnia,4595.9,11697.38
6/18/2026,Group,Group E,minette,maplemanatee,7192.45,824.6
6/18/2026,Group,Group F,Morphior,Daws,1532.96,1826.29
6/18/2026,Group,Group F,Muik,josh,1527.71,2820.93
6/18/2026,Group,Group G,Mikael,Rretro,6589.46,5013.28
6/18/2026,Group,Group G,Talking Nonsense,hateornges,685.34,736.93
6/19/2026,Group,Group H,Boltenhagen,Sean,24.01,158.52
6/19/2026,Group,Group H,pandem,Summitblvd,74.98,61.78
6/19/2026,Group,Group I,yoyo,Wowa,9555.75,8440.01
6/19/2026,Group,Group I,FurkanSevim,Miss Inputs,12237.44,9992.83
6/19/2026,Group,Group J,mlc,Jack,424.0,4046.51
6/19/2026,Group,Group J,DjinN,blastoform,4957.09,4610.45
6/20/2026,Group,Group K,Major Bajor,ThomasThTrain,2727.66,8039.96
6/20/2026,Group,Group K,Yelldosh,AardvarkChan,538.34,1042.17
6/20/2026,Group,Group L,Puerto Vallarta,Emily,34.64,922.24
6/20/2026,Group,Group L,FrankL,Qubillou,539.2,8452.38
6/20/2026,Group,Group M,jpeters,tastyCheese,4398.16,4967.45
6/20/2026,Group,Group M,Rikk,Cellery,4631.65,4615.38
6/21/2026,Group,Group N,Jeune Herisson,MrBizzaros,1988.56,10908.63
6/21/2026,Group,Group N,BD82,Finland Taipan,2115.9,2719.17
6/21/2026,Group,Group O,OKobern,MKA,10178.7,3443.11
6/21/2026,Group,Group O,DuckDuck,Ben Keller,3475.05,1820.81
6/21/2026,Group,Group P,Salat,MINA,4039.09,3937.43
6/21/2026,Group,Group P,Patxepi,fgeva,9432.47,9860.71
6/22/2026,Group,Group Q,vel,Johann Sebastian Bach,7179.87,180.94
6/22/2026,Group,Group Q,Kasperdk ;I,JCirrus,739.35,110.08
6/22/2026,Group,Group A,frefromwig,Tones,7428.39,5573.15
6/22/2026,Group,Group A,LHinCH,Palin,9036.63,737.14
6/22/2026,Group,Group B,Armadillo,Norton,13135.9,1219.78
6/22/2026,Group,Group B,bolthy,Pinea,311.78,9134.82
6/23/2026,Group,Group C,potato,dorian,3650.0,3471.97
6/23/2026,Group,Group C,Penguinish,Martin,2526.97,2080.2
6/23/2026,Group,Group D,maclang23,deslagen,2712.59,3359.87
6/23/2026,Group,Group D,VinceSz (Perikeme),WaiHong,3163.84,1136.15
6/23/2026,Group,Group E,insomnia,minette,116.66,303.97
6/23/2026,Group,Group E,madmit,maplemanatee,992.19,118.81
6/24/2026,Group,Group F,Morphior,josh,4082.53,7287.4
6/24/2026,Group,Group F,Daws,Muik,1042.82,2706.99
6/24/2026,Group,Group G,Rretro,Talking Nonsense,4594.82,5801.55
6/24/2026,Group,Group G,Mikael,hateornges,14331.47,10118.99
6/24/2026,Group,Group H,Summitblvd,Boltenhagen,203.86,5823.7
6/24/2026,Group,Group H,pandem,Sean,149.65,342.49
6/25/2026,Group,Group I,FurkanSevim,Wowa,11258.18,4571.74
6/25/2026,Group,Group I,Miss Inputs,yoyo,2308.86,3794.61
6/25/2026,Group,Group J,mlc,blastoform,869.11,6641.05
6/25/2026,Group,Group J,Jack,DjinN,4206.39,6264.55
6/25/2026,Group,Group K,AardvarkChan,Major Bajor,965.94,1192.15
6/25/2026,Group,Group K,Yelldosh,ThomasThTrain,700.98,1837.28
6/26/2026,Group,Group L,FrankL,Emily,2031.32,1059.12
6/26/2026,Group,Group L,Qubillou,Puerto Vallarta,2111.27,2188.6
6/26/2026,Group,Group M,jpeters,Cellery,1135.58,1167.94
6/26/2026,Group,Group M,tastyCheese,Rikk,1544.04,934.54
6/26/2026,Group,Group N,Jeune Herisson,Finland Taipan,909.99,1584.46
6/26/2026,Group,Group N,MrBizzaros,BD82,17113.93,10009.59
6/27/2026,Group,Group O,DuckDuck,MKA,9309.31,7811.1
6/27/2026,Group,Group O,Ben Keller,OKobern,164.06,11194.33
6/27/2026,Group,Group P,fgeva,Salat,4963.31,12643.87
6/27/2026,Group,Group P,Patxepi,MINA,5108.53,3871.51
6/27/2026,Group,Group Q,JCirrus,vel,1034.47,1050.46
6/27/2026,Group,Group Q,Kasperdk ;I,Johann Sebastian Bach,1037.73,2354.95
6/28/2026,R32,R32,Tones,MKA,873.72,802.9
6/28/2026,R32,R32,Norton,pandem,554.93,5710.58
6/29/2026,R32,R32,Martin,Jack,1035.4,2508.73
6/29/2026,R32,R32,maclang23,bolthy,1410.09,5047.29
6/30/2026,R32,R32,insomnia,fgeva,8870.33,620.44
6/30/2026,R32,R32,Daws,maplemanatee,91.39,1718.63
6/30/2026,R32,R32,Rretro,Talking Nonsense,2387.91,15483.83
7/1/2026,R32,R32,Summitblvd,Jeune Herisson,12202.27,1689.15
7/1/2026,R32,R32,Wowa,dorian,114.8,1134.67
7/1/2026,R32,R32,mlc,Kasperdk ;I,831.81,3365.85
7/2/2026,R32,R32,Yelldosh,WaiHong,,
7/2/2026,R32,R32,Emily,FrankL,,
7/2/2026,R32,R32,Cellery,Muik,,
7/3/2026,R32,R32,BD82,Rikk,,
7/3/2026,R32,R32,Ben Keller,Miss Inputs,,
7/3/2026,R32,R32,MINA,JCirrus,,
7/4/2026,R16,R16,MKA,Norton,,
7/4/2026,R16,R16,Martin,maclang23,,
7/5/2026,R16,R16,fgeva,Daws,,
7/5/2026,R16,R16,Wowa,mlc,,
